<manifest alg="2" build="948" opt="false">
  <folder name="css">
    <file name="site_global.css" crc="4075768122"/>
    <file name="index.css" crc="170120278" ref="index"/>
    <file name="2001.css" crc="496591323" ref="2001"/>
    <file name="nuclear.css" crc="4245286495" ref="nuclear"/>
    <file name="fimmvorduhals-eruption.css" crc="3913854329" ref="fimmvorduhals-eruption"/>
    <file name="the-sky.css" crc="3937124606" ref="the-sky"/>
    <file name="your-seven.css" crc="3878273903" ref="your-seven"/>
    <file name="nyc.css" crc="4280981458" ref="nyc"/>
    <file name="new-item.css" crc="86880967" ref="new-item"/>
    <file name="the-seven.css" crc="352423790" ref="the-seven"/>
    <file name="compression-experiments.css" crc="3849704687" ref="compression-experiments"/>
    <file name="international-space-station.css" crc="3822675479" ref="international-space-station"/>
    <file name="2pac.css" crc="120074815" ref="2pac"/>
    <file name="picture.css" crc="237991713" ref="picture"/>
    <file name="people.css" crc="183852358" ref="people"/>
    <file name="video-copy.css" crc="119000618" ref="video-copy"/>
    <file name="video-copy-copy.css" crc="240411098" ref="video-copy-copy"/>
    <file name="video.css" crc="220738715" ref="video"/>
    <file name="rollback.css" crc="3861033987" ref="rollback"/>
    <file name="saved.css" crc="457486525" ref="saved"/>
  </folder>
  <folder name="scripts">
    <folder name="1.1">
      <file name="jquery-1.7.min.js" crc="4285342938" ref="the-seven:2001:nuclear:fimmvorduhals-eruption:international-space-station:compression-experiments:2pac:nyc:your-seven:the-sky:new-item:picture:index:people:video:video-copy:video-copy-copy:rollback:saved"/>
      <file name="sprydomutils.js" crc="4230755498" ref="the-seven:2001:nuclear:fimmvorduhals-eruption:international-space-station:compression-experiments:2pac:nyc:your-seven:the-sky:new-item:picture:index:people:video:video-copy:video-copy-copy:rollback:saved"/>
      <file name="museutils.js" crc="3762396489" ref="the-seven:2001:nuclear:fimmvorduhals-eruption:international-space-station:compression-experiments:2pac:nyc:your-seven:the-sky:new-item:picture:index:people:video:video-copy:video-copy-copy:rollback:saved"/>
      <file name="pie.js" crc="4169505556" ref="the-seven:2001:nuclear:fimmvorduhals-eruption:international-space-station:compression-experiments:2pac:nyc:your-seven:the-sky:new-item:picture:index:people:video:video-copy:video-copy-copy:rollback:saved"/>
      <file name="musesprycommon.js" crc="4101569965" ref="the-seven:2001:nuclear:fimmvorduhals-eruption:international-space-station:compression-experiments:2pac:nyc:the-sky:your-seven:people:rollback:saved"/>
      <file name="musesprypanels.js" crc="4216740162" ref="the-seven:2001:nuclear:fimmvorduhals-eruption:international-space-station:compression-experiments:2pac:nyc:the-sky:your-seven:people:rollback:saved"/>
      <file name="musespryslideshow.js" crc="180089035" ref="the-seven:2001:nuclear:fimmvorduhals-eruption:international-space-station:compression-experiments:2pac:nyc:the-sky:your-seven:people:rollback:saved"/>
      <file name="jquery.museoverlay.js" crc="4244454990" ref="the-seven:2001:nuclear:fimmvorduhals-eruption:international-space-station:compression-experiments:2pac:nyc:the-sky:your-seven:people:rollback:saved"/>
    </folder>
  </folder>
  <folder name="images">
    <file name="u632-sprite.png" crc="203150621" ref="the-seven"/>
    <file name="u699.jpg" crc="4120319101" ref="the-seven"/>
    <file name="u713.jpg" crc="134019388" ref="the-seven"/>
    <file name="loading.gif" crc="3815509949" ref="the-seven:2001:nuclear:fimmvorduhals-eruption:international-space-station:compression-experiments:2pac:nyc:the-sky:your-seven:people:rollback:saved"/>
    <file name="u785.jpg" crc="353784587" ref="the-seven"/>
    <file name="u794.jpg" crc="67836924" ref="the-seven"/>
    <file name="u803.jpg" crc="3824533768" ref="the-seven"/>
    <file name="eruption overlay-u826.png" crc="80969690" ref="the-seven"/>
    <file name="eruption overlay-u826-2-r.png" crc="451478740" ref="the-seven"/>
    <file name="nuke overlay-u820.png" crc="4107568634" ref="the-seven"/>
    <file name="nuke overlay-u820-2-r.png" crc="3892164999" ref="the-seven"/>
    <file name="u598.jpg" crc="3980033999" ref="the-seven"/>
    <file name="u557.jpg" crc="4194794842" ref="the-seven"/>
    <file name="u607.jpg" crc="91522296" ref="the-seven"/>
    <file name="iss overlay-u832.png" crc="196406154" ref="the-seven"/>
    <file name="iss overlay-u832-2-r.png" crc="3793233747" ref="the-seven"/>
    <file name="u511.jpg" crc="8793061" ref="the-seven"/>
    <file name="u502.jpg" crc="4125243754" ref="the-seven"/>
    <file name="u520.jpg" crc="504041872" ref="the-seven"/>
    <file name="compression overlay-u838.png" crc="80969690" ref="the-seven"/>
    <file name="compression overlay-u838-2-r.png" crc="397523158" ref="the-seven"/>
    <file name="u373.jpg" crc="4114186325" ref="the-seven"/>
    <file name="u1771.jpg" crc="230994307" ref="the-seven"/>
    <file name="2001 overlay-u844.png" crc="4171925580" ref="the-seven"/>
    <file name="2001 overlay-u844-2-r.png" crc="141687917" ref="the-seven"/>
    <file name="u293.jpg" crc="126994337" ref="the-seven"/>
    <file name="u279.jpg" crc="296678580" ref="the-seven"/>
    <file name="tupac overlay-u850.png" crc="4171925580" ref="the-seven"/>
    <file name="tupac overlay-u850-2-r.png" crc="3966193516" ref="the-seven"/>
    <file name="u217.jpg" crc="474853679" ref="the-seven"/>
    <file name="nyc overlay-u856.png" crc="4171925580" ref="the-seven"/>
    <file name="nyc overlay-u856-2-r.png" crc="3854626327" ref="the-seven"/>
    <file name="u902.jpg" crc="3801229695" ref="2001"/>
    <file name="u955.jpg" crc="438912697" ref="2001"/>
    <file name="u887-4.png" crc="4070198753" ref="2001"/>
    <file name="u900-4.png" crc="4159588188" ref="2001"/>
    <file name="u934-4.png" crc="444749407" ref="2001"/>
    <file name="video.png" crc="336989796" ref="compression-experiments"/>
    <file name="2001 words 2.jpg" crc="158327788" ref="2001"/>
    <file name="u1030.jpg" crc="3803507228" ref="2001"/>
    <file name="u990-4.png" crc="4014685943" ref="2001"/>
    <file name="u1003-4.png" crc="187071758" ref="2001"/>
    <file name="u1177-4.png" crc="99874389" ref="2001"/>
    <file name="u1093.jpg" crc="4107608026" ref="nuclear"/>
    <file name="u1133.jpg" crc="3854907843" ref="nuclear"/>
    <file name="u1145.jpg" crc="4135896312" ref="nuclear"/>
    <file name="u1101-4.png" crc="4070198753" ref="nuclear"/>
    <file name="u1091-4.png" crc="4159588188" ref="nuclear"/>
    <file name="u1113-4.png" crc="49177212" ref="nuclear"/>
    <file name="nuclear quote 2.jpg" crc="89156410" ref="nuclear"/>
    <file name="nuclear quote 1.jpg" crc="3813226469" ref="nuclear"/>
    <file name="u1072-4.png" crc="4014685943" ref="nuclear"/>
    <file name="u1050-4.png" crc="187071758" ref="nuclear"/>
    <file name="u1182-4.png" crc="99874389" ref="nuclear"/>
    <file name="u1222.jpg" crc="3873959881" ref="fimmvorduhals-eruption"/>
    <file name="u1303.jpg" crc="3831455519" ref="fimmvorduhals-eruption"/>
    <file name="u1198-4.png" crc="4070198753" ref="fimmvorduhals-eruption"/>
    <file name="u1190-4.png" crc="4159588188" ref="fimmvorduhals-eruption"/>
    <file name="u1186-4.png" crc="132187918" ref="fimmvorduhals-eruption"/>
    <file name="iceland2.jpg" crc="365142118" ref="fimmvorduhals-eruption"/>
    <file name="iceland1.jpg" crc="4047583275" ref="fimmvorduhals-eruption"/>
    <file name="u1245-4.png" crc="4014685943" ref="fimmvorduhals-eruption"/>
    <file name="u1230-4.png" crc="187071758" ref="fimmvorduhals-eruption"/>
    <file name="u1188-4.png" crc="99874389" ref="fimmvorduhals-eruption"/>
    <file name="u1371.jpg" crc="3806718655" ref="international-space-station"/>
    <file name="u1425.jpg" crc="46201219" ref="international-space-station"/>
    <file name="u1437.jpg" crc="4021747052" ref="international-space-station"/>
    <file name="u1365-4.png" crc="4070198753" ref="international-space-station"/>
    <file name="u1346-4.png" crc="4159588188" ref="international-space-station"/>
    <file name="u1334-4.png" crc="3862576064" ref="international-space-station"/>
    <file name="iss2.jpg" crc="4181426787" ref="international-space-station"/>
    <file name="iss1.jpg" crc="4083753270" ref="international-space-station"/>
    <file name="u1402-4.png" crc="4014685943" ref="international-space-station"/>
    <file name="u1400-4.png" crc="187071758" ref="international-space-station"/>
    <file name="u1341-4.png" crc="99874389" ref="international-space-station"/>
    <file name="u1561.jpg" crc="47719140" ref="compression-experiments"/>
    <file name="u1573.jpg" crc="4237754258" ref="compression-experiments"/>
    <file name="u1585.jpg" crc="186276776" ref="compression-experiments"/>
    <file name="u1477-4.png" crc="4070198753" ref="compression-experiments"/>
    <file name="u1479-4.png" crc="4159588188" ref="compression-experiments"/>
    <file name="u1472-4.png" crc="452383499" ref="compression-experiments"/>
    <file name="u1471-4.png" crc="99874389" ref="compression-experiments"/>
    <file name="compression2.jpg" crc="165007889" ref="compression-experiments"/>
    <file name="compression1.jpg" crc="154455683" ref="compression-experiments"/>
    <file name="u1526-4.png" crc="4014685943" ref="compression-experiments"/>
    <file name="u1525-4.png" crc="187071758" ref="compression-experiments"/>
    <file name="u1632.jpg" crc="3820940394" ref="2pac"/>
    <file name="u1729.jpg" crc="201356889" ref="2pac"/>
    <file name="u1651-4.png" crc="4070198753" ref="2pac"/>
    <file name="u1638-4.png" crc="4159588188" ref="2pac"/>
    <file name="u1661-4.png" crc="4019446511" ref="2pac"/>
    <file name="u1696-4.png" crc="99874389" ref="2pac"/>
    <file name="2pac2.jpg" crc="17227964" ref="2pac"/>
    <file name="2pac1.jpg" crc="4104981036" ref="2pac"/>
    <file name="u1686-4.png" crc="4014685943" ref="2pac"/>
    <file name="u1695-4.png" crc="187071758" ref="2pac"/>
    <file name="u1869.jpg" crc="4195709456" ref="nyc"/>
    <file name="u1900.jpg" crc="190063261" ref="nyc"/>
    <file name="u1909.jpg" crc="4181062603" ref="nyc"/>
    <file name="u1810-4.png" crc="4070198753" ref="nyc"/>
    <file name="u1809-4.png" crc="4159588188" ref="nyc"/>
    <file name="u1815-4.png" crc="678867" ref="nyc"/>
    <file name="nyc2.jpg" crc="203723051" ref="nyc"/>
    <file name="nyc1.jpg" crc="3823720779" ref="nyc"/>
    <file name="u1825-4.png" crc="4014685943" ref="nyc"/>
    <file name="u1824-4.png" crc="187071758" ref="nyc"/>
    <file name="u1813-4.png" crc="99874389" ref="nyc"/>
    <file name="u1949-sprite.png" crc="24521390" ref="your-seven"/>
    <file name="u2291-4.png" crc="445804636" ref="your-seven"/>
    <file name="u1950-sprite.png" crc="203150621" ref="your-seven"/>
    <file name="screen shot 2012-05-21 at 013610-u2311.png" crc="3973803960" ref="your-seven"/>
    <file name="the sky overlay-u2408.png" crc="201996717" ref="your-seven"/>
    <file name="the sky overlay-u2408-2-r.png" crc="4229602904" ref="your-seven"/>
    <file name="u2318-10.png" crc="4095864256" ref="your-seven"/>
    <file name="u1948-sprite.png" crc="189527978" ref="your-seven"/>
    <file name="u2301-4.png" crc="445804636" ref="your-seven"/>
    <file name="u1947-sprite.png" crc="189527978" ref="your-seven"/>
    <file name="u2302-4.png" crc="445804636" ref="your-seven"/>
    <file name="u2303-4.png" crc="445804636" ref="your-seven"/>
    <file name="u2304-4.png" crc="445804636" ref="your-seven"/>
    <file name="u2367.jpg" crc="196899861" ref="the-sky"/>
    <file name="u2359-4.png" crc="147456385" ref="the-sky"/>
    <file name="sky.jpg" crc="21793788" ref="the-sky"/>
    <file name="u2391-4.png" crc="99874389" ref="the-sky"/>
    <file name="u2457-4.png" crc="3872319390" ref="new-item"/>
    <file name="u2448-13.png" crc="3831454388" ref="new-item"/>
    <file name="u2456-4.png" crc="4070018763" ref="picture"/>
    <file name="u2532-4.png" crc="99874389" ref="picture"/>
    <file name="u2459-4.png" crc="3799621022" ref="picture"/>
    <file name="u2519-4.png" crc="4040073438" ref="picture"/>
    <file name="u2522-4.png" crc="3957723258" ref="picture"/>
    <file name="u2529-4.png" crc="4161990252" ref="picture"/>
    <file name="u2531-4.png" crc="3830901241" ref="picture"/>
    <file name="u2551-4.png" crc="4163760893" ref="index"/>
    <file name="u2830.jpg" crc="323157509" ref="the-seven"/>
    <file name="u2856-4.png" crc="445804636" ref="your-seven"/>
    <file name="u3331-4.png" crc="99874389" ref="new-item"/>
    <file name="u3376-4.png" crc="445804636" ref="people"/>
    <file name="u3333.jpg" crc="436091356" ref="people"/>
    <file name="u3338.jpg" crc="311152953" ref="people"/>
    <file name="u3344.jpg" crc="4040558049" ref="people"/>
    <file name="u3350.jpg" crc="4013226058" ref="people"/>
    <file name="u3356.jpg" crc="3859845133" ref="people"/>
    <file name="u3362.jpg" crc="212519043" ref="people"/>
    <file name="u3368.jpg" crc="31971850" ref="people"/>
    <file name="u3384.png" crc="127325990" ref="people"/>
    <file name="u3288-4.png" crc="4112403298" ref="video"/>
    <file name="u3296-4.png" crc="99874389" ref="video"/>
    <file name="u3289-4.png" crc="3799621022" ref="video"/>
    <file name="u3291-4.png" crc="4040073438" ref="video"/>
    <file name="u3297-4.png" crc="3957723258" ref="video"/>
    <file name="u3292-4.png" crc="4161990252" ref="video"/>
    <file name="u3293-4.png" crc="3830901241" ref="video"/>
    <file name="u3302-4.png" crc="348099014" ref="video-copy"/>
    <file name="u3309-4.png" crc="99874389" ref="video-copy"/>
    <file name="u3306-4.png" crc="4040073438" ref="video-copy"/>
    <file name="u3304-4.png" crc="3957723258" ref="video-copy"/>
    <file name="u3307-4.png" crc="4161990252" ref="video-copy"/>
    <file name="u3308-4.png" crc="3830901241" ref="video-copy"/>
    <file name="u3320-4.png" crc="522100497" ref="video-copy-copy"/>
    <file name="u3314-4.png" crc="99874389" ref="video-copy-copy"/>
    <file name="u3326-4.png" crc="444562623" ref="video-copy-copy"/>
    <file name="u3317-4.png" crc="4040073438" ref="video-copy-copy"/>
    <file name="u3319-4.png" crc="3957723258" ref="video-copy-copy"/>
    <file name="u3315-4.png" crc="4161990252" ref="video-copy-copy"/>
    <file name="u3321-4.png" crc="3830901241" ref="video-copy-copy"/>
    <file name="u3390-10.png" crc="4169125013" ref="the-seven"/>
    <file name="1-01.png" crc="4149930764" ref="the-seven:your-seven:people:rollback:saved"/>
    <file name="2-01.png" crc="202346893" ref="the-seven:your-seven:people:rollback:saved"/>
    <file name="3-01.png" crc="3988865711" ref="the-seven:your-seven:people:rollback:saved"/>
    <file name="white rollback.png" crc="99789956" ref="the-seven"/>
    <file name="u3391-10.png" crc="495250777" ref="people"/>
    <file name="u3540.jpg" crc="63158586" ref="rollback"/>
    <file name="u3543.jpg" crc="399292195" ref="rollback"/>
    <file name="u3547.jpg" crc="4070935816" ref="rollback"/>
    <file name="u3551.jpg" crc="3947974076" ref="rollback"/>
    <file name="u3554.jpg" crc="3951599303" ref="rollback"/>
    <file name="u3557.jpg" crc="206065187" ref="rollback"/>
    <file name="u3560.jpg" crc="3769478045" ref="rollback"/>
    <file name="u3564.png" crc="4281977145" ref="rollback"/>
    <file name="u3501.jpg" crc="4043228329" ref="rollback"/>
    <file name="u3506.jpg" crc="182721374" ref="rollback"/>
    <file name="u3511.jpg" crc="201366766" ref="rollback"/>
    <file name="u3517.jpg" crc="426504505" ref="rollback"/>
    <file name="u3523.jpg" crc="3925921059" ref="rollback"/>
    <file name="u3528.jpg" crc="108967994" ref="rollback"/>
    <file name="u3534.jpg" crc="3893911356" ref="rollback"/>
    <file name="u3570.png" crc="4049924856" ref="rollback"/>
    <file name="u3464.jpg" crc="67533819" ref="rollback"/>
    <file name="u3469.jpg" crc="3824651232" ref="rollback"/>
    <file name="u3474.jpg" crc="4154631424" ref="rollback"/>
    <file name="u3480.jpg" crc="4036928336" ref="rollback"/>
    <file name="u3485.jpg" crc="367210339" ref="rollback"/>
    <file name="u3491.jpg" crc="147220488" ref="rollback"/>
    <file name="u3496.jpg" crc="405707079" ref="rollback"/>
    <file name="u3576.png" crc="4207077163" ref="rollback"/>
    <file name="u3413-10.png" crc="4028149143" ref="rollback"/>
    <file name="u3434.jpg" crc="3939949075" ref="rollback"/>
    <file name="u3428.jpg" crc="377789051" ref="rollback"/>
    <file name="u3439.jpg" crc="3847690912" ref="rollback"/>
    <file name="u3444.jpg" crc="3848108034" ref="rollback"/>
    <file name="u3449.jpg" crc="99312192" ref="rollback"/>
    <file name="u3454.jpg" crc="2645250" ref="rollback"/>
    <file name="u3459.jpg" crc="3879595693" ref="rollback"/>
    <file name="24th.png" crc="3958216149" ref="rollback"/>
    <file name="u3680.jpg" crc="4043228329" ref="rollback"/>
    <file name="u3665.jpg" crc="182721374" ref="rollback"/>
    <file name="u3668.jpg" crc="201366766" ref="rollback"/>
    <file name="u3671.jpg" crc="426504505" ref="rollback"/>
    <file name="u3674.jpg" crc="3925921059" ref="rollback"/>
    <file name="u3677.jpg" crc="108967994" ref="rollback"/>
    <file name="u3659.jpg" crc="3893911356" ref="rollback"/>
    <file name="u3796.png" crc="501207688" ref="rollback"/>
    <file name="u3683.jpg" crc="67533819" ref="rollback"/>
    <file name="u3692.jpg" crc="3824651232" ref="rollback"/>
    <file name="u3695.jpg" crc="4154631424" ref="rollback"/>
    <file name="u3698.jpg" crc="4036928336" ref="rollback"/>
    <file name="u3701.jpg" crc="367210339" ref="rollback"/>
    <file name="u3704.jpg" crc="147220488" ref="rollback"/>
    <file name="u3686.jpg" crc="405707079" ref="rollback"/>
    <file name="u3802.png" crc="190755806" ref="rollback"/>
    <file name="u3719.jpg" crc="3939949075" ref="rollback"/>
    <file name="u3728.jpg" crc="377789051" ref="rollback"/>
    <file name="u3722.jpg" crc="3847690912" ref="rollback"/>
    <file name="u3725.jpg" crc="3848108034" ref="rollback"/>
    <file name="u3707.jpg" crc="99312192" ref="rollback"/>
    <file name="u3710.jpg" crc="2645250" ref="rollback"/>
    <file name="u3713.jpg" crc="3879595693" ref="rollback"/>
    <file name="u3811.png" crc="190755806" ref="rollback"/>
    <file name="u3733.jpg" crc="4043228329" ref="rollback"/>
    <file name="u3778.jpg" crc="182721374" ref="rollback"/>
    <file name="u3781.jpg" crc="201366766" ref="rollback"/>
    <file name="u3784.jpg" crc="426504505" ref="rollback"/>
    <file name="u3787.jpg" crc="3925921059" ref="rollback"/>
    <file name="u3790.jpg" crc="108967994" ref="rollback"/>
    <file name="u3793.jpg" crc="3893911356" ref="rollback"/>
    <file name="u3817.png" crc="190755806" ref="rollback"/>
    <file name="u3757.jpg" crc="67533819" ref="rollback"/>
    <file name="u3760.jpg" crc="3824651232" ref="rollback"/>
    <file name="u3763.jpg" crc="4154631424" ref="rollback"/>
    <file name="u3766.jpg" crc="4036928336" ref="rollback"/>
    <file name="u3769.jpg" crc="367210339" ref="rollback"/>
    <file name="u3772.jpg" crc="147220488" ref="rollback"/>
    <file name="u3775.jpg" crc="405707079" ref="rollback"/>
    <file name="u3823.png" crc="190755806" ref="rollback"/>
    <file name="u3736.jpg" crc="3939949075" ref="rollback"/>
    <file name="u3739.jpg" crc="377789051" ref="rollback"/>
    <file name="u3742.jpg" crc="3847690912" ref="rollback"/>
    <file name="u3745.jpg" crc="3848108034" ref="rollback"/>
    <file name="u3748.jpg" crc="99312192" ref="rollback"/>
    <file name="u3751.jpg" crc="2645250" ref="rollback"/>
    <file name="u3754.jpg" crc="3879595693" ref="rollback"/>
    <file name="u3826.png" crc="190755806" ref="rollback"/>
    <file name="u3901.jpg" crc="4043228329" ref="rollback"/>
    <file name="u3919.jpg" crc="182721374" ref="rollback"/>
    <file name="u3922.jpg" crc="201366766" ref="rollback"/>
    <file name="u3925.jpg" crc="426504505" ref="rollback"/>
    <file name="u3961.jpg" crc="3925921059" ref="rollback"/>
    <file name="u3964.jpg" crc="108967994" ref="rollback"/>
    <file name="u3967.jpg" crc="3893911356" ref="rollback"/>
    <file name="u3904.png" crc="190755806" ref="rollback"/>
    <file name="u3952.jpg" crc="67533819" ref="rollback"/>
    <file name="u3955.jpg" crc="3824651232" ref="rollback"/>
    <file name="u3907.jpg" crc="4154631424" ref="rollback"/>
    <file name="u3910.jpg" crc="4036928336" ref="rollback"/>
    <file name="u3913.jpg" crc="367210339" ref="rollback"/>
    <file name="u3916.jpg" crc="147220488" ref="rollback"/>
    <file name="u3958.jpg" crc="405707079" ref="rollback"/>
    <file name="u3928.png" crc="190755806" ref="rollback"/>
    <file name="u3931.jpg" crc="3939949075" ref="rollback"/>
    <file name="u3934.jpg" crc="377789051" ref="rollback"/>
    <file name="u3937.jpg" crc="3847690912" ref="rollback"/>
    <file name="u3940.jpg" crc="3848108034" ref="rollback"/>
    <file name="u3943.jpg" crc="99312192" ref="rollback"/>
    <file name="u3946.jpg" crc="2645250" ref="rollback"/>
    <file name="u3949.jpg" crc="3879595693" ref="rollback"/>
    <file name="u3970.png" crc="190755806" ref="rollback"/>
    <file name="u3973.jpg" crc="4043228329" ref="rollback"/>
    <file name="u3991.jpg" crc="182721374" ref="rollback"/>
    <file name="u3994.jpg" crc="201366766" ref="rollback"/>
    <file name="u3997.jpg" crc="426504505" ref="rollback"/>
    <file name="u4033.jpg" crc="3925921059" ref="rollback"/>
    <file name="u4036.jpg" crc="108967994" ref="rollback"/>
    <file name="u4039.jpg" crc="3893911356" ref="rollback"/>
    <file name="u3976.png" crc="190755806" ref="rollback"/>
    <file name="u4024.jpg" crc="67533819" ref="rollback"/>
    <file name="u4027.jpg" crc="3824651232" ref="rollback"/>
    <file name="u3979.jpg" crc="4154631424" ref="rollback"/>
    <file name="u3982.jpg" crc="4036928336" ref="rollback"/>
    <file name="u3985.jpg" crc="367210339" ref="rollback"/>
    <file name="u3988.jpg" crc="147220488" ref="rollback"/>
    <file name="u4030.jpg" crc="405707079" ref="rollback"/>
    <file name="u4000.png" crc="190755806" ref="rollback"/>
    <file name="u4003.jpg" crc="3939949075" ref="rollback"/>
    <file name="u4006.jpg" crc="377789051" ref="rollback"/>
    <file name="u4009.jpg" crc="3847690912" ref="rollback"/>
    <file name="u4012.jpg" crc="3848108034" ref="rollback"/>
    <file name="u4015.jpg" crc="99312192" ref="rollback"/>
    <file name="u4018.jpg" crc="2645250" ref="rollback"/>
    <file name="u4021.jpg" crc="3879595693" ref="rollback"/>
    <file name="u4042.png" crc="190755806" ref="rollback"/>
    <file name="u4423-4.png" crc="304163752" ref="your-seven"/>
    <file name="u4429.jpg" crc="367210339" ref="saved"/>
    <file name="u4431.jpg" crc="147220488" ref="saved"/>
    <file name="u4403-10.png" crc="182785925" ref="saved"/>
    <file name="u4400-4.png" crc="445804636" ref="saved"/>
  </folder>
  <file name="the-seven.html" crc="4217561924" mt="1337826449181"/>
  <file name="2001.html" crc="3845885259" mt="1337822956247"/>
  <file name="nuclear.html" crc="448200583" mt="1337823231732"/>
  <file name="fimmvorduhals-eruption.html" crc="3776469386" mt="1337823405848"/>
  <file name="international-space-station.html" crc="3758692828" mt="1337823499706"/>
  <file name="compression-experiments.html" crc="3920359975" mt="1337823557788"/>
  <file name="2pac.html" crc="215480823" mt="1337823621981"/>
  <file name="nyc.html" crc="344550029" mt="1337823115141"/>
  <file name="your-seven.html" crc="456300802" mt="1337826450126"/>
  <file name="the-sky.html" crc="3801649645" mt="1337824520266"/>
  <file name="new-item.html" crc="3775274853" mt="1337736001775"/>
  <file name="picture.html" crc="4131579409" mt="1337735576367"/>
  <file name="index.html" crc="179369467" mt="1337824736658"/>
  <file name="people.html" crc="4145133147" mt="1337822679940"/>
  <file name="video.html" crc="437877396" mt="1337735718667"/>
  <file name="video-copy.html" crc="3946207405" mt="1337735751323"/>
  <file name="video-copy-copy.html" crc="327584789" mt="1337735818296"/>
  <file name="rollback.html" crc="331398049" mt="1337822631950"/>
  <file name="saved.html" crc="4098286261" mt="1337826365554"/>
</manifest>